{
  "dataset_index": 3191,
  "record_id": "04908__seg00126",
  "true_codes": [
    "AFIB"
  ],
  "predicted_codes": [
    "N"
  ],
  "probabilities": {
    "AFIB": 0.3884226083755493,
    "AFL": 0.390420526266098,
    "N": 0.46730318665504456,
    "OTHER": 0.3349388539791107
  },
  "is_predicted_normal_only": true,
  "threshold": 0.5
}