{
  "dataset_index": 5997,
  "record_id": "05261__seg00480",
  "true_codes": [
    "N"
  ],
  "predicted_codes": [
    "AFIB"
  ],
  "probabilities": {
    "AFIB": 0.5074378848075867,
    "AFL": 0.3859824240207672,
    "N": 0.45919331908226013,
    "OTHER": 0.3332013487815857
  },
  "is_predicted_normal_only": false,
  "threshold": 0.5
}