{
  "dataset_index": 10303,
  "record_id": "07910__seg00553",
  "true_codes": [
    "AFIB"
  ],
  "predicted_codes": [
    "AFIB"
  ],
  "probabilities": {
    "AFIB": 0.5488065481185913,
    "AFL": 0.3935980200767517,
    "N": 0.45358723402023315,
    "OTHER": 0.33411872386932373
  },
  "is_predicted_normal_only": false,
  "threshold": 0.5
}