{
  "dataset_index": 7409,
  "record_id": "06995__seg00111",
  "true_codes": [
    "N"
  ],
  "predicted_codes": [
    "AFIB"
  ],
  "probabilities": {
    "AFIB": 0.534164309501648,
    "AFL": 0.4085775911808014,
    "N": 0.46167200803756714,
    "OTHER": 0.34602952003479004
  },
  "is_predicted_normal_only": false,
  "threshold": 0.5
}