{
  "dataset_index": 13466,
  "record_id": "08455__seg00038",
  "true_codes": [
    "N"
  ],
  "predicted_codes": [
    "N"
  ],
  "probabilities": {
    "AFIB": 0.40156975388526917,
    "AFL": 0.37062960863113403,
    "N": 0.4818606376647949,
    "OTHER": 0.3370383381843567
  },
  "is_predicted_normal_only": true,
  "threshold": 0.5
}