{
  "dataset_index": 9872,
  "record_id": "07910__seg00122",
  "true_codes": [
    "AFL"
  ],
  "predicted_codes": [
    "AFIB"
  ],
  "probabilities": {
    "AFIB": 0.5649526715278625,
    "AFL": 0.403931587934494,
    "N": 0.45653650164604187,
    "OTHER": 0.34224629402160645
  },
  "is_predicted_normal_only": false,
  "threshold": 0.5
}