{
  "dataset_index": 9869,
  "record_id": "07910__seg00119",
  "true_codes": [
    "AFL"
  ],
  "predicted_codes": [
    "AFIB"
  ],
  "probabilities": {
    "AFIB": 0.5776358842849731,
    "AFL": 0.4087733030319214,
    "N": 0.4553361237049103,
    "OTHER": 0.3487881124019623
  },
  "is_predicted_normal_only": false,
  "threshold": 0.5
}