{
  "dataset_index": 4270,
  "record_id": "04936__seg00592",
  "true_codes": [
    "AFL"
  ],
  "predicted_codes": [
    "N"
  ],
  "probabilities": {
    "AFIB": 0.37981921434402466,
    "AFL": 0.3966867923736572,
    "N": 0.46058598160743713,
    "OTHER": 0.34541523456573486
  },
  "is_predicted_normal_only": true,
  "threshold": 0.5
}